Zone,Difference de population,Disponibilité alimentaire Kcal,Disponibilité alimentaire Protéine,Proportion Protéine Animale,Disponibilité alimentaire Kcal - volaille,Solde importation - Quantité,Production,PIB,Clusters
Arabie saoudite,6.5997043005717675,3194.0,87.54,0.4227781585560886,151.0,21.509807203247732,16.321412106758732,47309.1246039041,3
Chine - RAS de Hong-Kong,2.349335917397536,3358.0,137.93,0.7330529978974842,210.0,33.39574505359742,3.2033910368010163,59849.2481763342,3
Chine - RAS de Macao,5.200854494932459,3002.0,100.46,0.6677284491339837,142.0,36.94245008753753,6.11317239274643,126918.22652171801,3
Émirats arabes unis,2.87787756134582,3366.0,107.35,0.408290638099674,147.0,35.73235517328611,4.963635213761701,67183.6265568253,3
Koweït,9.002736618919648,3446.0,99.82,0.4751552795031056,156.0,32.79011858681985,13.745962870737904,50855.499959604014,3
Luxembourg,6.3168387085874524,3335.0,106.06,0.6353950594003395,69.0,16.894460306465508,0.4561504282745688,112822.605827833,3
Suriname,3.0201577563540787,2693.0,60.26,0.4098904746100233,112.0,22.78702892199824,16.001752848378615,67139.0499217186,3
